steps,ns_per_day,sec_per_step,std_dev
2000,2.30912,0.0374169,0.0
3000,3.10291,0.0278449,0.0135369
